INSERT INTO dents (numero,cout_nettoyage,cout_reparation,cout_enlevement,cout_remplacement) 
VALUES
(1,1500,2000,3000,3500),(2,1500,2000,3000,3500),(3,1500,2000,3000,3500),(4,1500,2000,3000,3500),(5,3500,4000,4500,5000),(6,3500,4000,4500,5000),(7,3500,4000,4500,5000),(8,3500,4000,4500,5000),
(9,3500,4000,4500,5000),(10,3500,4000,4500,5000),(11,3500,4000,4500,5000),(12,3500,4000,4500,5000),(13,1500,2000,3000,3500),(14,1500,2000,3000,3500),(15,1500,2000,3000,3500),(16,1500,2000,3000,3500),
(21,2500,3000,4000,4500),(22,2500,3000,4000,4500),(23,2500,3000,4000,4500),(24,2500,3000,4000,4500),(25,3000,3500,4000,4500),(26,3000,3500,4000,4500),(27,3000,3500,4000,4500),(28,3000,3500,4000,4500),
(29,3000,3500,4000,4500),(30,3000,3500,4000,4500),(31,3000,3500,4000,4500),(32,3000,3500,4000,4500),(33,2500,3000,3500,4000),(34,2500,3000,3500,4000),(35,2500,3000,3500,4000),(36,2500,3000,3500,4000);

INSERT INTO priorite_sanitaire (numero_dent) 
VALUES 
(1),(2),(3),(4),(13),(14),(15),(16),(21),(22),(23),(24),(33),(34),(35),(36),
(5),(6),(7),(8),(9),(10),(11),(12),(25),(26),(27),(28),(29),(30),(31),(32);

INSERT INTO priorite_beaute (numero_dent) 
VALUES
(5),(6),(7),(8),(9),(10),(11),(12),(25),(26),(27),(28),(29),(30),(31),(32), 
(1),(2),(3),(4),(13),(14),(15),(16),(21),(22),(23),(24),(33),(34),(35),(36);

INSERT INTO client (nom)
VALUES
('Karen');

INSERT INTO etat (id,nom)
VALUES
(0,'vide'),(1,'tres endommage'),(2,'endommage'),(3,'un peu endommage'),(4,'tres carrié'),(5,'carrié'),
(6,'un peu carrié'),(7,'tres sale'),(8,'sale'),(9,'un peu sale'),(10,'bon etat');

INSERT INTO situation_dentaire (date_rdv,id_client,numero_dent,id_etat)
VALUES
('2024-01-05 10:21:00',1,1,1),('2024-01-05 10:21:00',1,2,2),('2024-01-05 10:21:00',1,3,3),('2024-01-05 10:21:00',1,4,4),('2024-01-05 10:21:00',1,5,5),('2024-01-05 10:21:00',1,6,6),('2024-01-05 10:21:00',1,7,7),('2024-01-05 10:21:00',1,8,8),
('2024-01-05 10:21:00',1,9,10),('2024-01-05 10:21:00',1,10,10),('2024-01-05 10:21:00',1,11,10),('2024-01-05 10:21:00',1,12,10),('2024-01-05 10:21:00',1,13,10),('2024-01-05 10:21:00',1,14,10),('2024-01-05 10:21:00',1,15,10),('2024-01-05 10:21:00',1,16,1),
('2024-01-05 10:21:00',1,21,10),('2024-01-05 10:21:00',1,22,10),('2024-01-05 10:21:00',1,23,10),('2024-01-05 10:21:00',1,24,10),('2024-01-05 10:21:00',1,25,10),('2024-01-05 10:21:00',1,26,10),('2024-01-05 10:21:00',1,27,10),('2024-01-05 10:21:00',1,28,1),
('2024-01-05 10:21:00',1,29,1),('2024-01-05 10:21:00',1,30,2),('2024-01-05 10:21:00',1,31,3),('2024-01-05 10:21:00',1,32,4),('2024-01-05 10:21:00',1,33,5),('2024-01-05 10:21:00',1,34,6),('2024-01-05 10:21:00',1,35,7),('2024-01-05 10:21:00',1,36,9);



UPDATE situation_dentaire 
SET date_rdv = '2024-01-05 10:21:00', id_etat = 8
WHERE numero_dent = 8 AND id_client = 1